2013-08-14 15:15:25,0,0,0
2013-08-14 15:16:25,0,0,0
2013-08-14 15:17:25,0,0,0
2013-08-14 15:19:55,0,0,0
2013-08-14 15:20:55,0,0,0
2013-08-14 15:25:29,0,0,0
2013-08-14 15:26:29,0,0,0
2013-08-14 15:27:29,59708,59708,0
2013-08-14 15:28:29,118445,118445,0
2013-08-14 15:29:29,192080,192080,0
2013-08-14 15:30:29,232688,232688,0
2013-08-14 15:31:29,282099,282099,0
2013-08-14 15:31:49,0,0,0
2013-08-14 15:32:49,0,0,0
2013-08-14 15:33:49,55065,55065,0
2013-08-14 15:34:49,108548,108548,0
2013-08-14 15:35:49,138156,138156,0
2013-08-14 15:36:49,202444,202444,0
2013-08-14 15:37:49,817514,817514,0
2013-08-14 15:38:49,1293623,1293623,0
2013-08-14 15:39:49,1809353,1809353,0
2013-08-14 15:40:49,2366039,2366039,0
2013-08-14 15:41:49,2730186,2730186,0
2013-08-14 15:42:49,3307939,3307940,0
2013-08-14 15:43:49,3496948,3496948,0
2013-08-14 15:44:49,3911469,3911469,0
2013-08-14 15:45:49,4518509,4518509,0
2013-08-14 15:46:49,4692493,4692493,0
2013-08-14 15:47:49,5121791,5121791,0
2013-08-14 15:48:49,5600951,5600951,0
2013-08-14 15:49:49,5814057,5814057,0
2013-08-14 15:50:49,6138079,6138079,0
2013-08-14 15:51:49,6449003,6449003,0
2013-08-14 15:52:49,6712668,6712668,0
2013-08-14 15:53:49,6924732,6924732,0
2013-08-14 15:54:49,7272572,7272572,0
2013-08-14 15:55:49,7629351,7629351,0
2013-08-14 15:56:49,7826901,7826901,0
2013-08-14 15:57:49,8052906,8052906,0
2013-08-14 15:58:49,8363097,8363097,0
2013-08-14 15:59:49,8643210,8643211,0
2013-08-14 16:00:49,8884812,8884812,0
2013-08-14 16:01:49,9083028,9083028,0
2013-08-14 16:02:49,9265969,9265969,0
2013-08-14 16:03:49,9621001,9621001,0
2013-08-14 16:04:49,9917097,9917097,0
2013-08-14 16:05:49,10119499,10119499,0
2013-08-14 16:06:49,10400371,10400371,0
2013-08-14 16:07:49,10571541,10571541,0
2013-08-14 16:08:49,10870869,10870869,0
2013-08-14 16:09:49,11012640,11012640,0
2013-08-14 16:10:49,11191999,11191999,0
2013-08-14 16:11:49,11314368,11314368,0
2013-08-14 16:12:49,11500361,11500361,0
2013-08-14 16:13:49,11704376,11704376,0
2013-08-14 16:14:49,11844112,11844112,0
2013-08-14 16:15:49,12084481,12084481,0
2013-08-14 16:16:49,12288593,12288593,0
2013-08-14 16:17:49,12472621,12472621,0
2013-08-14 16:18:49,12648487,12648487,0
2013-08-14 16:19:49,12768859,12768859,0
2013-08-14 16:20:49,12894063,12894063,0
2013-08-14 16:21:49,13054124,13054124,0
2013-08-14 16:22:49,13197778,13197778,0
2013-08-14 16:23:49,13311354,13311354,0
2013-08-14 16:24:49,13421915,13421915,0
2013-08-14 16:25:49,13515313,13515313,0
2013-08-14 16:26:49,13679160,13679160,0
2013-08-14 16:27:49,13774619,13774619,0
2013-08-14 16:28:49,13886658,13886658,0
2013-08-14 16:29:49,13978124,13978124,0
2013-08-14 16:30:49,14068826,14068826,0
2013-08-14 16:31:49,14188141,14188141,0
2013-08-14 16:32:49,14291911,14291911,0
2013-08-14 16:33:49,14349156,14349156,0
2013-08-14 16:34:49,14479389,14479389,0
2013-08-14 16:35:49,14581264,14581264,0
2013-08-14 16:36:49,14665001,14665001,0
2013-08-14 16:37:49,14771162,14771162,0
2013-08-14 16:38:49,14830999,14830999,0
2013-08-14 16:39:49,14934265,14934265,0
2013-08-14 16:40:49,15016746,15016746,0
2013-08-14 16:41:49,15091589,15091589,0
2013-08-14 16:42:49,15169665,15169665,0
2013-08-14 16:43:49,15269423,15269423,0
2013-08-14 16:44:49,15342984,15342984,0
2013-08-14 16:45:49,15417850,15417850,0
2013-08-14 16:46:49,15518358,15518358,0
2013-08-14 16:47:49,15616566,15616566,0
2013-08-14 16:48:49,15672275,15672275,0
2013-08-14 16:49:49,15735400,15735400,0
2013-08-14 16:50:49,15799560,15799560,0
2013-08-14 16:51:49,15860564,15860564,0
2013-08-14 16:52:49,15924998,15924998,0
2013-08-14 16:53:49,15998883,15998883,0
2013-08-14 16:54:49,16052750,16052750,0
2013-08-14 16:55:49,16137717,16137717,0
2013-08-14 16:56:49,16213322,16213322,0
2013-08-14 16:57:49,16253470,16253470,0
2013-08-14 16:58:49,16353726,16353726,0
2013-08-14 16:59:49,16423061,16423061,0
2013-08-14 17:00:49,16504394,16504394,0
2013-08-14 17:01:49,16552267,16552267,0
2013-08-14 17:02:49,16619539,16619539,0
2013-08-14 17:03:49,16689267,16689267,0
2013-08-14 17:04:49,16744215,16744215,0
2013-08-14 17:05:49,16795748,16795748,0
2013-08-14 17:06:49,16859895,16859895,0
2013-08-14 17:07:49,16932821,16932821,0
2013-08-14 17:08:49,16981107,16981107,0
2013-08-14 17:09:49,17022381,17022381,0
2013-08-14 17:10:49,17062856,17062856,0
2013-08-14 17:11:49,17118964,17118964,0
2013-08-14 17:12:49,17169604,17169604,0
2013-08-14 17:13:49,17235233,17235233,0
2013-08-14 17:14:49,17274555,17274555,0
2013-08-14 17:15:49,17328633,17328633,0
2013-08-14 17:16:49,17374042,17374042,0
2013-08-14 17:17:49,17436735,17436735,0
2013-08-14 17:18:49,17515351,17515351,0
2013-08-14 17:19:49,17566109,17566109,0
2013-08-14 17:20:49,17634359,17634359,0
2013-08-14 17:21:49,17687989,17687989,0
2013-08-14 17:22:49,17740971,17740971,0
2013-08-14 17:23:49,17783594,17783594,0
2013-08-14 17:24:49,17857773,17857773,0
2013-08-14 17:25:49,17911004,17911004,0
2013-08-14 17:26:49,17956074,17956074,0
2013-08-14 17:27:49,18016204,18016204,0
2013-08-14 17:28:49,18078379,18078379,0
2013-08-14 17:29:49,18121002,18121002,0
2013-08-14 17:30:49,18174052,18174052,0
2013-08-14 17:31:49,18221111,18221111,0
2013-08-14 17:32:49,18251214,18251214,0
2013-08-14 17:33:49,18295532,18295532,0
2013-08-14 17:34:49,18340255,18340255,0
2013-08-14 17:35:49,18382423,18382423,0
2013-08-14 17:36:49,18442280,18442280,0
2013-08-14 17:37:49,18498597,18498597,0
2013-08-14 17:38:49,18557833,18557833,0
2013-08-14 17:39:49,18632487,18632487,0
2013-08-14 17:40:49,18676549,18676549,0
2013-08-14 17:41:49,18740760,18740760,0
2013-08-14 17:42:49,18782561,18782561,0
2013-08-14 17:43:49,18811618,18811618,0
2013-08-14 17:44:49,18856336,18856336,0
2013-08-14 17:45:49,18915153,18915153,0
2013-08-14 17:46:49,18975973,18975973,0
2013-08-14 17:47:49,19005549,19005549,0
2013-08-14 17:48:49,19050267,19050267,0
2013-08-14 17:49:49,19114020,19114020,0
2013-08-14 17:50:49,19151731,19151731,0
2013-08-14 17:51:49,19204021,19204021,0
2013-08-14 17:52:49,19238694,19238694,0
2013-08-14 17:53:49,19273718,19273718,0
2013-08-14 17:54:49,19310857,19310857,0
2013-08-14 17:55:49,19363827,19363827,0
2013-08-14 17:56:49,19399091,19399091,0
2013-08-14 17:57:49,19438184,19438184,0
2013-08-14 17:58:49,19478024,19478024,0
2013-08-14 17:59:49,19518463,19518463,0
2013-08-14 18:00:49,19580172,19580172,0
2013-08-14 18:01:49,19618620,19618620,0
2013-08-14 18:02:49,19663256,19663256,0
2013-08-14 18:03:49,19713103,19713103,0
2013-08-14 18:04:49,19761369,19761369,0
2013-08-14 18:05:49,19817576,19817576,0
2013-08-14 18:06:49,19857859,19857859,0
2013-08-14 18:07:49,19890855,19890855,0
2013-08-14 18:08:49,19965599,19965599,0
2013-08-14 18:09:49,20016853,20016853,0
2013-08-14 18:10:49,20056417,20056417,0
2013-08-14 18:11:49,20109801,20109801,0
2013-08-14 18:12:49,20138617,20138617,0
2013-08-14 18:13:49,20192942,20192942,0
2013-08-14 18:14:49,20255679,20255679,0
2013-08-14 18:15:49,20313023,20313023,0
2013-08-14 18:16:49,20347602,20347602,0
2013-08-14 18:17:49,20388102,20388102,0
2013-08-14 18:18:49,20449806,20449806,0
2013-08-14 18:19:49,20493935,20493935,0
2013-08-14 18:20:49,20547658,20547658,0
2013-08-14 18:21:49,20590455,20590455,0
2013-08-14 18:22:49,20623877,20623877,0
2013-08-14 18:23:49,20686371,20686371,0
2013-08-14 18:24:49,20726963,20726963,0
2013-08-14 18:25:49,20770590,20770590,0
2013-08-14 18:26:49,20807887,20807887,0
2013-08-14 18:27:49,20856753,20856753,0
2013-08-14 18:28:49,20887115,20887115,0
2013-08-14 18:29:49,20950112,20950112,0
2013-08-14 18:30:49,20994460,20994460,0
2013-08-14 18:31:49,21040574,21040574,0
2013-08-14 18:32:49,21091918,21091918,0
2013-08-14 18:33:49,21144182,21144182,0
2013-08-14 18:34:49,21194049,21194049,0
2013-08-14 18:35:49,21232453,21232453,0
2013-08-14 18:36:49,21263793,21263793,0
2013-08-14 18:37:49,21296463,21296463,0
2013-08-14 18:38:49,21371854,21371854,0
2013-08-14 18:39:49,21420508,21420508,0
2013-08-14 18:40:49,21467206,21467206,0
2013-08-14 18:41:49,21510844,21510844,0
2013-08-14 18:42:49,21549331,21549331,0
2013-08-14 18:43:49,21596759,21596759,0
2013-08-14 18:44:49,21644167,21644167,0
2013-08-14 18:45:49,21674306,21674306,0
2013-08-14 18:46:49,21725750,21725750,0
2013-08-14 18:47:49,21759165,21759165,0
2013-08-14 18:48:49,21797183,21797183,0
2013-08-14 18:49:49,21870880,21870880,0
2013-08-14 18:50:49,21914161,21914161,0
2013-08-14 18:51:49,21956119,21956119,0
2013-08-14 18:52:49,21988499,21988499,0
2013-08-14 18:53:49,22024771,22024771,0
2013-08-14 18:54:49,22071323,22071323,0
2013-08-14 18:55:49,22131691,22131691,0
2013-08-14 18:56:49,22167804,22167804,0
2013-08-14 18:57:49,22205086,22205086,0
2013-08-14 18:58:49,22243124,22243124,0
2013-08-14 18:59:49,22272510,22272510,0
2013-08-14 19:00:49,22297452,22297452,0
2013-08-14 19:01:49,22341186,22341186,0
2013-08-14 19:02:49,22402570,22402570,0
2013-08-14 19:03:49,22441773,22441773,0
2013-08-14 19:04:49,22492562,22492562,0
2013-08-14 19:05:49,22537339,22537339,0
2013-08-14 19:06:49,22583584,22583584,0
2013-08-14 19:07:49,22621843,22621843,0
2013-08-14 19:08:49,22658665,22658665,0
2013-08-14 19:09:49,22698992,22698992,0
2013-08-14 19:10:49,22724685,22724685,0
2013-08-14 19:11:49,22770462,22770462,0
2013-08-14 19:12:49,22809183,22809183,0
2013-08-14 19:13:49,22866878,22866878,0
2013-08-14 19:14:49,22906999,22906999,0
2013-08-14 19:15:49,22952563,22952563,0
2013-08-14 19:16:49,22986742,22986742,0
2013-08-14 19:17:49,23017314,23017314,0
2013-08-14 19:18:49,23059815,23059815,0
2013-08-14 19:19:49,23102795,23102795,0
2013-08-14 19:20:49,23148578,23148578,0
2013-08-14 19:21:49,23189582,23189582,0
2013-08-14 19:22:49,23219473,23219473,0
2013-08-14 19:23:49,23264126,23264126,0
2013-08-14 19:24:49,23306783,23306783,0
2013-08-14 19:25:49,23339066,23339066,0
2013-08-14 19:26:49,23378116,23378116,0
2013-08-14 19:27:49,23418317,23418317,0
2013-08-14 19:28:49,23452948,23452948,0
2013-08-14 19:29:49,23488399,23488399,0
2013-08-14 19:30:49,23524703,23524703,0
2013-08-14 19:31:49,23556361,23556361,0
2013-08-14 19:32:49,23590283,23590283,0
2013-08-14 19:33:49,23624495,23624495,0
2013-08-14 19:34:49,23670384,23670384,0
2013-08-14 19:35:49,23700658,23700658,0
2013-08-14 19:36:49,23743220,23743220,0
2013-08-14 19:37:49,23781438,23781438,0
2013-08-14 19:38:49,23812158,23812158,0
2013-08-14 19:39:49,23837943,23837943,0
2013-08-14 19:40:49,23876073,23876073,0
2013-08-14 19:41:49,23906878,23906878,0
2013-08-14 19:42:49,23934459,23934459,0
2013-08-14 19:43:49,23989651,23989651,0
2013-08-14 19:44:49,24021249,24021249,0
2013-08-14 19:45:49,24067682,24067682,0
2013-08-14 19:46:49,24107696,24107696,0
2013-08-14 19:47:49,24163182,24163182,0
2013-08-14 19:48:49,24202705,24202705,0
2013-08-14 19:49:49,24241919,24241919,0
2013-08-14 19:50:49,24269907,24269907,0
2013-08-14 19:51:49,24305310,24305310,0
2013-08-14 19:52:49,24326968,24326968,0
2013-08-14 19:53:49,24355494,24355494,0
2013-08-14 19:54:49,24395401,24395401,0
2013-08-14 19:55:49,24429079,24429079,0
2013-08-14 19:56:49,24466014,24466014,0
2013-08-14 19:57:49,24512552,24512552,0
2013-08-14 19:58:49,24542650,24542650,0
2013-08-14 19:59:49,24574703,24574703,0
2013-08-14 20:00:49,24609158,24609158,0
2013-08-14 20:01:49,24636049,24636049,0
2013-08-14 20:02:49,24677516,24677516,0
2013-08-14 20:03:49,24716885,24716885,0
2013-08-14 20:04:49,24754829,24754829,0
2013-08-14 20:05:49,24804692,24804692,0
2013-08-14 20:06:49,24847423,24847423,0
2013-08-14 20:07:49,24884888,24884888,0
2013-08-14 20:08:49,24921181,24921181,0
2013-08-14 20:09:49,24947828,24947828,0
2013-08-14 20:10:49,24978720,24978720,0
2013-08-14 20:11:49,25019468,25019468,0
2013-08-14 20:12:49,25061949,25061949,0
2013-08-14 20:13:49,25092939,25092939,0
2013-08-14 20:14:49,25126543,25126543,0
2013-08-14 20:15:49,25158743,25158743,0
2013-08-14 20:16:49,25177867,25177867,0
2013-08-14 20:17:49,25210096,25210096,0
2013-08-14 20:18:49,25235184,25235184,0
2013-08-14 20:19:49,25269152,25269152,0
2013-08-14 20:20:49,25303374,25303374,0
2013-08-14 20:21:49,25338624,25338624,0
2013-08-14 20:22:49,25369490,25369490,0
2013-08-14 20:23:49,25387443,25387443,0
2013-08-14 20:24:49,25428821,25428821,0
2013-08-14 20:25:49,25453937,25453937,0
2013-08-14 20:26:49,25481019,25481019,0
2013-08-14 20:27:49,25512194,25512194,0
2013-08-14 20:28:49,25552845,25552845,0
2013-08-14 20:29:49,25582067,25582067,0
2013-08-14 20:30:49,25610840,25610840,0
2013-08-14 20:31:49,25654858,25654858,0
2013-08-14 20:32:49,25687074,25687074,0
2013-08-14 20:33:49,25707563,25707563,0
2013-08-14 20:34:49,25742357,25742357,0
2013-08-14 20:35:49,25778114,25778114,0
2013-08-14 20:36:49,25807118,25807118,0
2013-08-14 20:37:49,25838739,25838739,0
2013-08-14 20:38:49,25867588,25867588,0
2013-08-14 20:39:49,25909555,25909555,0
2013-08-14 20:40:49,25936645,25936645,0
2013-08-14 20:41:49,25970480,25970480,0
2013-08-14 20:42:49,26004243,26004243,0
2013-08-14 20:43:49,26037571,26037571,0
2013-08-14 20:44:49,26061261,26061261,0
2013-08-14 20:45:49,26087892,26087892,0
2013-08-14 20:46:49,26138907,26138907,0
2013-08-14 20:47:49,26170696,26170696,0
2013-08-14 20:48:49,26204099,26204099,0
2013-08-14 20:49:49,26227976,26227976,0
2013-08-14 20:50:49,26257474,26257474,0
2013-08-14 20:51:49,26294553,26294553,0
2013-08-14 20:52:49,26333155,26333155,0
2013-08-14 20:53:49,26356664,26356664,0
2013-08-14 20:54:49,26394833,26394833,0
2013-08-14 20:55:49,26418577,26418577,0
2013-08-14 20:56:49,26460039,26460039,0
2013-08-14 20:57:49,26484501,26484501,0
2013-08-14 20:58:49,26522451,26522451,0
2013-08-14 20:59:49,26543314,26543314,0
2013-08-14 21:00:49,26580637,26580637,0
2013-08-14 21:01:49,26602066,26602066,0
2013-08-14 21:02:49,26630679,26630679,0
2013-08-14 21:03:49,26664476,26664476,0
2013-08-14 21:04:49,26687877,26687877,0
2013-08-14 21:05:49,26719757,26719757,0
2013-08-14 21:06:49,26754063,26754063,0
2013-08-14 21:07:49,26795302,26795302,0
2013-08-14 21:08:49,26817210,26817211,0
2013-08-14 21:09:49,26834976,26834976,0
2013-08-14 21:10:49,26861808,26861808,0
2013-08-14 21:11:49,26895620,26895620,0
2013-08-14 21:12:49,26918790,26918790,0
2013-08-14 21:13:49,26944214,26944214,0
2013-08-14 21:14:49,26970237,26970237,0
2013-08-14 21:15:49,26997216,26997216,0
2013-08-14 21:16:49,27022783,27022783,0
2013-08-14 21:17:49,27045218,27045218,0
2013-08-14 21:18:49,27090465,27090465,0
2013-08-14 21:19:49,27110851,27110851,0
2013-08-14 21:20:49,27135351,27135351,0
2013-08-14 21:21:49,27165511,27165511,0
2013-08-14 21:22:49,27202019,27202019,0
2013-08-14 21:23:49,27230267,27230267,0
2013-08-14 21:24:49,27247878,27247878,0
2013-08-14 21:25:49,27275594,27275594,0
2013-08-14 21:26:49,27309133,27309133,0
2013-08-14 21:27:49,27325295,27325295,0
2013-08-14 21:28:49,27348324,27348324,0
2013-08-14 21:29:49,27388236,27388236,0
2013-08-14 21:30:49,27406370,27406370,0
2013-08-14 21:31:49,27436404,27436404,0
2013-08-14 21:32:49,27462065,27462065,0
2013-08-14 21:33:49,27484596,27484596,0
2013-08-14 21:34:49,27508619,27508619,0
2013-08-14 21:35:49,27531765,27531765,0
2013-08-14 21:36:49,27560538,27560538,0
2013-08-14 21:37:49,27589865,27589865,0
2013-08-14 21:38:49,27620167,27620167,0
2013-08-14 21:39:49,27642346,27642346,0
2013-08-14 21:40:49,27675005,27675005,0
2013-08-14 21:41:49,27705401,27705401,0
2013-08-14 21:42:49,27736032,27736032,0
2013-08-14 21:43:49,27751620,27751620,0
2013-08-14 21:44:49,27780765,27780765,0
2013-08-14 21:45:49,27806053,27806053,0
2013-08-14 21:46:49,27827349,27827349,0
2013-08-14 21:47:49,27860668,27860668,0
2013-08-14 21:48:49,27877232,27877232,0
2013-08-14 21:49:49,27896196,27896196,0
2013-08-14 21:50:49,27924258,27924258,0
2013-08-14 21:51:49,27956013,27956013,0
2013-08-14 21:52:49,27995604,27995604,0
2013-08-14 21:53:49,28017436,28017436,0
2013-08-14 21:54:49,28051059,28051059,0
2013-08-14 21:55:49,28077065,28077065,0
2013-08-14 21:56:49,28097740,28097740,0
2013-08-14 21:57:49,28126343,28126343,0
2013-08-14 21:58:49,28149617,28149617,0
2013-08-14 21:59:49,28177489,28177489,0
2013-08-14 22:00:49,28199002,28199002,0
2013-08-14 22:01:49,28226118,28226118,0
2013-08-14 22:02:49,28248722,28248722,0
2013-08-14 22:03:49,28269231,28269231,0
2013-08-14 22:04:49,28299888,28299888,0
2013-08-14 22:05:49,28329463,28329463,0
2013-08-14 22:06:49,28356813,28356813,0
2013-08-14 22:07:49,28380262,28380262,0
2013-08-14 22:08:49,28403053,28403053,0
2013-08-14 22:09:49,28415368,28415368,0
2013-08-14 22:10:49,28450674,28450674,0
2013-08-14 22:11:49,28485594,28485594,0
2013-08-14 22:12:49,28506466,28506466,0
2013-08-14 22:13:49,28527112,28527112,0
2013-08-14 22:14:49,28546978,28546978,0
2013-08-14 22:15:49,28583694,28583694,0
2013-08-14 22:16:49,28610300,28610300,0
2013-08-14 22:17:49,28648986,28648986,0
2013-08-14 22:18:49,28680793,28680793,0
2013-08-14 22:19:49,28702479,28702479,0
2013-08-14 22:20:49,28727363,28727363,0
2013-08-14 22:21:49,28746580,28746580,0
2013-08-14 22:22:49,28776884,28776884,0
2013-08-14 22:23:49,28791926,28791926,0
2013-08-14 22:24:49,28817282,28817282,0
2013-08-14 22:25:49,28839859,28839859,0
2013-08-14 22:26:49,28863277,28863277,0
2013-08-14 22:27:49,28886431,28886431,0
2013-08-14 22:28:49,28910519,28910519,0
2013-08-14 22:29:49,28937728,28937728,0
2013-08-14 22:30:49,28957794,28957794,0
2013-08-14 22:31:49,28982063,28982063,0
2013-08-14 22:32:49,29009182,29009182,0
2013-08-14 22:33:49,29023914,29023914,0
2013-08-14 22:34:49,29043423,29043423,0
2013-08-14 22:35:49,29067664,29067664,0
2013-08-14 22:36:49,29106778,29106778,0
2013-08-14 22:37:49,29140699,29140699,0
2013-08-14 22:38:49,29159554,29159554,0
2013-08-14 22:39:49,29179202,29179202,0
2013-08-14 22:40:49,29199384,29199384,0
2013-08-14 22:41:49,29231994,29231994,0
2013-08-14 22:42:49,29248408,29248408,0
2013-08-14 22:43:49,29272044,29272044,0
2013-08-14 22:44:49,29297518,29297518,0
2013-08-14 22:45:49,29323265,29323265,0
2013-08-14 22:46:49,29349173,29349173,0
2013-08-14 22:47:49,29382107,29382107,0
2013-08-14 22:48:49,29401934,29401934,0
2013-08-14 22:49:49,29423595,29423595,0
2013-08-14 22:50:49,29441948,29441948,0
2013-08-14 22:51:49,29460592,29460592,0
2013-08-14 22:52:49,29490454,29490454,0
2013-08-14 22:53:49,29513948,29513948,0
2013-08-14 22:54:49,29535046,29535046,0
2013-08-14 22:55:49,29557102,29557102,0
2013-08-14 22:56:49,29583568,29583568,0
2013-08-14 22:57:49,29603833,29603833,0
2013-08-14 22:58:49,29630143,29630143,0
2013-08-14 22:59:49,29646054,29646054,0
2013-08-14 23:00:49,29678032,29678032,0
2013-08-14 23:01:49,29694592,29694592,0
2013-08-14 23:02:49,29718281,29718281,0
2013-08-14 23:03:49,29745910,29745910,0
2013-08-14 23:04:49,29761495,29761495,0
2013-08-14 23:05:49,29780489,29780489,0
2013-08-14 23:06:49,29810242,29810242,0
2013-08-14 23:07:49,29829818,29829818,0
2013-08-14 23:08:49,29853440,29853440,0
2013-08-14 23:09:49,29881110,29881110,0
2013-08-14 23:10:49,29906925,29906925,0
2013-08-14 23:11:49,29944835,29944835,0
2013-08-14 23:12:49,29963754,29963754,0
2013-08-14 23:13:49,29989343,29989343,0
2013-08-14 23:14:49,30008891,30008891,0
2013-08-14 23:15:49,30032957,30032957,0
2013-08-14 23:16:49,30051732,30051732,0
2013-08-14 23:17:49,30074904,30074904,0
2013-08-14 23:18:49,30086139,30086139,0
2013-08-14 23:19:49,30105492,30105492,0
2013-08-14 23:20:49,30123911,30123911,0
2013-08-14 23:21:49,30146252,30146252,0
2013-08-14 23:22:49,30158122,30158122,0
2013-08-14 23:23:49,30180405,30180405,0
2013-08-14 23:24:49,30197507,30197507,0
2013-08-14 23:25:49,30227975,30227975,0
2013-08-14 23:26:49,30242103,30242103,0
2013-08-14 23:27:49,30262406,30262406,0
2013-08-14 23:28:49,30298662,30298662,0
2013-08-14 23:29:49,30318928,30318928,0
2013-08-14 23:30:49,30350551,30350551,0
2013-08-14 23:31:49,30370159,30370159,0
2013-08-14 23:32:49,30398052,30398052,0
2013-08-14 23:33:49,30411266,30411266,0
2013-08-14 23:34:49,30445530,30445530,0
2013-08-14 23:35:49,30465906,30465906,0
2013-08-14 23:36:49,30487462,30487462,0
2013-08-14 23:37:49,30517263,30517263,0
2013-08-14 23:38:49,30532104,30532104,0
2013-08-14 23:39:49,30567513,30567513,0
2013-08-14 23:40:49,30593811,30593811,0
2013-08-14 23:41:49,30615648,30615648,0
2013-08-14 23:42:49,30646130,30646130,0
2013-08-14 23:43:49,30683019,30683019,0
2013-08-14 23:44:49,30697825,30697825,0
2013-08-14 23:45:49,30716273,30716273,0
2013-08-14 23:46:49,30728207,30728207,0
2013-08-14 23:47:49,30757366,30757366,0
2013-08-14 23:48:49,30770860,30770860,0
2013-08-14 23:49:49,30801958,30801958,0
2013-08-14 23:50:49,30812642,30812642,0
2013-08-14 23:51:49,30842688,30842688,0
2013-08-14 23:52:49,30859649,30859649,0
2013-08-14 23:53:49,30877327,30877327,0
2013-08-14 23:54:49,30889908,30889908,0
2013-08-14 23:55:49,30911498,30911498,0
2013-08-14 23:56:49,30927365,30927365,0
2013-08-14 23:57:49,30946040,30946040,0
2013-08-14 23:58:49,30963644,30963644,0
2013-08-14 23:59:49,30988399,30988399,0
2013-08-15 00:00:49,31010686,31010686,0
2013-08-15 00:01:49,31038996,31038996,0
2013-08-15 00:02:49,31060976,31060976,0
2013-08-15 00:03:49,31075894,31075894,0
2013-08-15 00:04:49,31098476,31098476,0
2013-08-15 00:05:49,31131251,31131251,0
2013-08-15 00:06:49,31166298,31166298,0
2013-08-15 00:07:49,31183817,31183817,0
2013-08-15 00:08:49,31196093,31196093,0
2013-08-15 00:09:49,31217327,31217327,0
2013-08-15 00:10:49,31234976,31234976,0
2013-08-15 00:11:49,31250447,31250447,0
2013-08-15 00:12:49,31280040,31280040,0
2013-08-15 00:13:49,31294333,31294333,0
2013-08-15 00:14:49,31318931,31318931,0
2013-08-15 00:15:49,31332555,31332555,0
2013-08-15 00:16:49,31363567,31363567,0
2013-08-15 00:17:49,31394837,31394837,0
2013-08-15 00:18:49,31425780,31425780,0
2013-08-15 00:19:49,31441048,31441048,0
2013-08-15 00:20:50,31460786,31460786,0
2013-08-15 00:21:50,31483953,31483953,0
2013-08-15 00:22:50,31505475,31505475,0
2013-08-15 00:23:50,31522266,31522266,0
2013-08-15 00:24:50,31537770,31537770,0
2013-08-15 00:25:50,31565121,31565121,0
2013-08-15 00:26:50,31578207,31578207,0
2013-08-15 00:27:50,31609536,31609536,0
2013-08-15 00:28:50,31622957,31622957,0
2013-08-15 00:29:50,31650438,31650438,0
2013-08-15 00:30:50,31663753,31663753,0
2013-08-15 00:31:50,31679536,31679536,0
2013-08-15 00:32:50,31709200,31709200,0
2013-08-15 00:33:50,31743541,31743541,0
2013-08-15 00:34:50,31758415,31758415,0
2013-08-15 00:35:50,31781070,31781070,0
2013-08-15 00:36:50,31809124,31809124,0
2013-08-15 00:37:50,31820416,31820416,0
2013-08-15 00:38:50,31840080,31840080,0
2013-08-15 00:39:50,31856302,31856302,0
2013-08-15 00:40:50,31873211,31873211,0
2013-08-15 00:41:50,31902267,31902267,0
2013-08-15 00:42:50,31919217,31919217,0
2013-08-15 00:43:50,31947057,31947057,0
2013-08-15 00:44:50,31963110,31963110,0
2013-08-15 00:45:50,31989392,31989392,0
2013-08-15 00:46:50,32008984,32008984,0
2013-08-15 00:47:50,32036644,32036644,0
2013-08-15 00:48:50,32066903,32066903,0
2013-08-15 00:49:50,32075291,32075291,0
2013-08-15 00:50:50,32104512,32104512,0
2013-08-15 00:51:50,32115277,32115277,0
2013-08-15 00:52:50,32135859,32135859,0
2013-08-15 00:53:50,32163146,32163146,0
2013-08-15 00:54:50,32185441,32185441,0
2013-08-15 00:55:50,32208961,32208961,0
2013-08-15 00:56:50,32220972,32220972,0
2013-08-15 00:57:50,32244672,32244672,0
2013-08-15 00:58:50,32259372,32259372,0
2013-08-15 00:59:50,32277018,32277018,0
2013-08-15 01:00:50,32303857,32303857,0
2013-08-15 01:01:50,32319029,32319029,0
2013-08-15 01:02:50,32332012,32332012,0
2013-08-15 01:03:50,32346908,32346908,0
2013-08-15 01:04:50,32365548,32365548,0
2013-08-15 01:05:50,32378636,32378636,0
2013-08-15 01:06:50,32412161,32412161,0
2013-08-15 01:07:50,32429998,32429998,0
2013-08-15 01:08:50,32443581,32443581,0
2013-08-15 01:09:50,32479000,32479000,0
2013-08-15 01:10:50,32497103,32497103,0
2013-08-15 01:11:50,32517145,32517145,0
2013-08-15 01:12:50,32529631,32529631,0
2013-08-15 01:13:50,32549587,32549587,0
2013-08-15 01:14:50,32583988,32583988,0
2013-08-15 01:15:50,32599549,32599549,0
2013-08-15 01:16:50,32627885,32627885,0
2013-08-15 01:17:50,32653899,32653899,0
2013-08-15 01:18:50,32672775,32672775,0
2013-08-15 01:19:50,32700632,32700632,0
2013-08-15 01:20:50,32713317,32713317,0
2013-08-15 01:21:50,32733020,32733020,0
2013-08-15 01:22:50,32753650,32753650,0
2013-08-15 01:23:50,32775580,32775580,0
2013-08-15 01:24:50,32787459,32787459,0
2013-08-15 01:25:50,32816194,32816194,0
2013-08-15 01:26:50,32847929,32847929,0
2013-08-15 01:27:50,32860557,32860557,0
2013-08-15 01:28:50,32885158,32885158,0
2013-08-15 01:29:50,32908996,32908996,0
2013-08-15 01:30:50,32932275,32932275,0
2013-08-15 01:31:50,32958303,32958303,0
2013-08-15 01:32:50,32971902,32971902,0
2013-08-15 01:33:50,32998139,32998139,0
2013-08-15 01:34:50,33016569,33016569,0
2013-08-15 01:35:50,33030333,33030333,0
2013-08-15 01:36:50,33044740,33044740,0
2013-08-15 01:37:50,33057518,33057518,0
2013-08-15 01:38:50,33076381,33076381,0
2013-08-15 01:39:50,33092069,33092069,0
2013-08-15 01:40:50,33107930,33107930,0
2013-08-15 01:41:50,33128699,33128699,0
2013-08-15 01:42:50,33143602,33143602,0
2013-08-15 01:43:50,33153505,33153505,0
2013-08-15 01:44:50,33187674,33187674,0
2013-08-15 01:45:50,33199941,33199941,0
2013-08-15 01:46:50,33223741,33223741,0
2013-08-15 01:47:50,33238882,33238882,0
2013-08-15 01:48:50,33256212,33256212,0
2013-08-15 01:49:50,33282321,33282321,0
2013-08-15 01:50:50,33292121,33292121,0
2013-08-15 01:51:50,33321493,33321493,0
2013-08-15 01:52:50,33352369,33352369,0
2013-08-15 01:53:50,33368414,33368414,0
2013-08-15 01:54:50,33382842,33382842,0
2013-08-15 01:55:50,33403739,33403739,0
2013-08-15 01:56:50,33420370,33420370,0
2013-08-15 01:57:50,33441227,33441227,0
2013-08-15 01:58:50,33467618,33467618,0
2013-08-15 01:59:50,33480522,33480522,0
2013-08-15 02:00:50,33496126,33496126,0
2013-08-15 02:01:50,33513845,33513845,0
2013-08-15 02:02:50,33523806,33523806,0
2013-08-15 02:03:50,33548975,33548975,0
2013-08-15 02:04:50,33576487,33576487,0
2013-08-15 02:05:50,33608714,33608714,0
2013-08-15 02:06:50,33634566,33634566,0
2013-08-15 02:07:50,33649023,33649023,0
2013-08-15 02:08:50,33664132,33664132,0
2013-08-15 02:09:50,33679995,33679995,0
2013-08-15 02:10:50,33701457,33701457,0
2013-08-15 02:11:50,33713770,33713770,0
2013-08-15 02:12:50,33730406,33730406,0
2013-08-15 02:13:50,33742928,33742928,0
2013-08-15 02:14:50,33760571,33760571,0
2013-08-15 02:15:50,33781969,33781969,0
2013-08-15 02:16:50,33800576,33800576,0
2013-08-15 02:17:50,33810312,33810312,0
2013-08-15 02:18:50,33838179,33838179,0
2013-08-15 02:19:50,33852569,33852569,0
2013-08-15 02:20:50,33876853,33876853,0
2013-08-15 02:21:50,33894893,33894893,0
2013-08-15 02:22:50,33908225,33908225,0
2013-08-15 02:23:50,33929908,33929908,0
2013-08-15 02:24:50,33958312,33958312,0
2013-08-15 02:25:50,33982683,33982683,0
2013-08-15 02:26:50,33995264,33995264,0
2013-08-15 02:27:50,34014504,34014504,0
2013-08-15 02:28:50,34035299,34035299,0
2013-08-15 02:29:50,34056085,34056085,0
2013-08-15 02:30:50,34074297,34074297,0
2013-08-15 02:31:50,34087030,34087030,0
2013-08-15 02:32:50,34115612,34115612,0
2013-08-15 02:33:50,34135355,34135355,0
2013-08-15 02:34:50,34159564,34159564,0
2013-08-15 02:35:50,34167668,34167668,0
2013-08-15 02:36:50,34194044,34194044,0
2013-08-15 02:37:50,34206546,34206546,0
2013-08-15 02:38:50,34237774,34237774,0
2013-08-15 02:39:50,34251738,34251738,0
2013-08-15 02:40:50,34283873,34283873,0
2013-08-15 02:41:50,34316269,34316269,0
2013-08-15 02:42:50,34328161,34328161,0
2013-08-15 02:43:50,34348934,34348934,0
2013-08-15 02:44:50,34360825,34360825,0
2013-08-15 02:45:50,34378028,34378028,0
2013-08-15 02:46:50,34391637,34391637,0
2013-08-15 02:47:50,34415540,34415540,0
2013-08-15 02:48:50,34432031,34432031,0
2013-08-15 02:49:50,34458108,34458108,0
2013-08-15 02:50:50,34468956,34468956,0
2013-08-15 02:51:50,34486302,34486302,0
2013-08-15 02:52:50,34500292,34500292,0
2013-08-15 02:53:50,34523512,34523512,0
2013-08-15 02:54:50,34533835,34533835,0
2013-08-15 02:55:50,34568080,34568080,0
2013-08-15 02:56:50,34576766,34576766,0
2013-08-15 02:57:50,34593532,34593532,0
2013-08-15 02:58:50,34610753,34610753,0
2013-08-15 02:59:50,34623740,34623740,0
2013-08-15 03:00:50,34643392,34643392,0
2013-08-15 03:01:50,34668276,34668276,0
2013-08-15 03:02:50,34695342,34695342,0
2013-08-15 03:03:50,34708120,34708120,0
2013-08-15 03:04:50,34737165,34737165,0
2013-08-15 03:05:50,34759116,34759116,0
2013-08-15 03:06:50,34777668,34777668,0
2013-08-15 03:07:50,34787308,34787308,0
2013-08-15 03:08:50,34800920,34800920,0
2013-08-15 03:09:50,34820280,34820280,0
2013-08-15 03:10:50,34839688,34839688,0
2013-08-15 03:11:50,34857199,34857199,0
2013-08-15 03:12:50,34877597,34877597,0
2013-08-15 03:13:50,34899239,34899239,0
2013-08-15 03:14:50,34930879,34930879,0
2013-08-15 03:15:50,34948571,34948571,0
2013-08-15 03:16:50,34969206,34969206,0
2013-08-15 03:17:50,35002809,35002809,0
2013-08-15 03:18:50,35018240,35018240,0
2013-08-15 03:19:50,35039269,35039269,0
2013-08-15 03:20:50,35064957,35064957,0
2013-08-15 03:21:50,35091873,35091873,0
2013-08-15 03:22:50,35099419,35099419,0
2013-08-15 03:23:50,35125442,35125442,0
2013-08-15 03:24:50,35153734,35153734,0
2013-08-15 03:25:50,35164453,35164453,0
2013-08-15 03:26:50,35187248,35187248,0
2013-08-15 03:27:50,35199252,35199252,0
2013-08-15 03:28:50,35217315,35217315,0
2013-08-15 03:29:50,35227849,35227849,0
2013-08-15 03:30:50,35257403,35257403,0
2013-08-15 03:31:50,35266854,35266854,0
2013-08-15 03:32:50,35285480,35285480,0
2013-08-15 03:33:50,35315926,35315926,0
2013-08-15 03:34:50,35336648,35336648,0
2013-08-15 03:35:50,35350027,35350027,0
2013-08-15 03:36:50,35364381,35364381,0
2013-08-15 03:37:50,35386643,35386643,0
2013-08-15 03:38:50,35395462,35395462,0
2013-08-15 03:39:50,35421126,35421126,0
2013-08-15 03:40:50,35427775,35427775,0
2013-08-15 03:41:50,35440591,35440591,0
2013-08-15 03:42:50,35469416,35469416,0
2013-08-15 03:43:50,35482048,35482048,0
2013-08-15 03:44:50,35513668,35513668,0
2013-08-15 03:45:50,35529548,35529548,0
2013-08-15 03:46:50,35558963,35558963,0
2013-08-15 03:47:50,35566037,35566037,0
2013-08-15 03:48:50,35580625,35580625,0
2013-08-15 03:49:50,35606228,35606228,0
2013-08-15 03:50:50,35623585,35623585,0
2013-08-15 03:51:50,35637955,35637955,0
2013-08-15 03:52:50,35666946,35666946,0
2013-08-15 03:53:50,35697673,35697673,0
2013-08-15 03:54:50,35706698,35706698,0
2013-08-15 03:55:50,35721586,35721586,0
2013-08-15 03:56:50,35745590,35745590,0
2013-08-15 03:57:50,35756111,35756111,0
2013-08-15 03:58:50,35771487,35771487,0
2013-08-15 03:59:50,35788996,35788996,0
2013-08-15 04:00:50,35815835,35815835,0
2013-08-15 04:01:50,35827409,35827409,0
2013-08-15 04:02:50,35852625,35852625,0
2013-08-15 04:03:50,35862456,35862456,0
2013-08-15 04:04:50,35877268,35877268,0
2013-08-15 04:05:50,35896377,35896377,0
2013-08-15 04:06:50,35929587,35929587,0
2013-08-15 04:07:50,35961568,35961568,0
2013-08-15 04:08:50,35990278,35990278,0
2013-08-15 04:09:50,36001671,36001671,0
2013-08-15 04:10:50,36022761,36022761,0
2013-08-15 04:11:50,36038101,36038101,0
2013-08-15 04:12:50,36058871,36058871,0
2013-08-15 04:13:50,36072493,36072493,0
2013-08-15 04:14:50,36096577,36096577,0
2013-08-15 04:15:50,36116577,36116577,0
2013-08-15 04:16:50,36138760,36138760,0
2013-08-15 04:17:50,36154210,36154210,0
2013-08-15 04:18:50,36170409,36170409,0
2013-08-15 04:19:50,36182966,36182966,0
2013-08-15 04:20:50,36203065,36203065,0
2013-08-15 04:21:50,36228404,36228404,0
2013-08-15 04:22:50,36240363,36240363,0
2013-08-15 04:23:50,36255728,36255728,0
2013-08-15 04:24:50,36270248,36270248,0
2013-08-15 04:25:50,36292608,36292608,0
2013-08-15 04:26:50,36321560,36321560,0
2013-08-15 04:27:50,36352554,36352554,0
2013-08-15 04:28:50,36378717,36378717,0
2013-08-15 04:29:50,36386498,36386498,0
2013-08-15 04:30:50,36411962,36411962,0
2013-08-15 04:31:50,36417914,36417914,0
2013-08-15 04:32:50,36427929,36427929,0
2013-08-15 04:33:50,36445902,36445902,0
2013-08-15 04:34:50,36467956,36467956,0
2013-08-15 04:35:50,36480866,36480866,0
2013-08-15 04:36:50,36504582,36504582,0
2013-08-15 04:37:50,36517989,36517989,0
2013-08-15 04:38:50,36543673,36543673,0
2013-08-15 04:39:50,36563211,36563211,0
2013-08-15 04:40:50,36590045,36590045,0
2013-08-15 04:41:50,36608047,36608047,0
2013-08-15 04:42:50,36624412,36624412,0
2013-08-15 04:43:50,36655838,36655838,0
2013-08-15 04:44:50,36666146,36666146,0
2013-08-15 04:45:50,36697594,36697594,0
2013-08-15 04:46:50,36724194,36724194,0
2013-08-15 04:47:50,36743675,36743675,0
2013-08-15 04:48:50,36762369,36762369,0
2013-08-15 04:49:50,36779320,36779320,0
2013-08-15 04:50:50,36799644,36799644,0
2013-08-15 04:51:50,36824092,36824092,0
2013-08-15 04:52:50,36833876,36833876,0
2013-08-15 04:53:50,36854619,36854619,0
2013-08-15 04:54:50,36866328,36866328,0
2013-08-15 04:55:50,36890033,36890033,0
2013-08-15 04:56:50,36900270,36900270,0
2013-08-15 04:57:50,36921083,36921083,0
2013-08-15 04:58:50,36936700,36936700,0
2013-08-15 04:59:50,36946206,36946206,0
2013-08-15 05:00:50,36982969,36982969,0
2013-08-15 05:01:50,37010998,37010998,0
2013-08-15 05:02:50,37026757,37026757,0
2013-08-15 05:03:50,37041869,37041869,0
2013-08-15 05:04:50,37056954,37056954,0
2013-08-15 05:05:50,37077455,37077455,0
2013-08-15 05:06:50,37093447,37093447,0
2013-08-15 05:07:50,37122981,37122981,0
2013-08-15 05:08:50,37134515,37134515,0
2013-08-15 05:09:50,37157312,37157312,0
2013-08-15 05:10:50,37187129,37187129,0
2013-08-15 05:11:50,37212385,37212385,0
2013-08-15 05:12:50,37229040,37229040,0
2013-08-15 05:13:50,37242747,37242747,0
2013-08-15 05:14:50,37271732,37271732,0
2013-08-15 05:15:50,37301462,37301462,0
2013-08-15 05:16:50,37320289,37320289,0
2013-08-15 05:17:50,37335974,37335974,0
2013-08-15 05:18:50,37370247,37370247,0
2013-08-15 05:19:50,37394680,37394680,0
2013-08-15 05:20:50,37402107,37402107,0
2013-08-15 05:21:50,37428465,37428465,0
2013-08-15 05:22:50,37455002,37455002,0
2013-08-15 05:23:50,37471259,37471259,0
2013-08-15 05:24:50,37497346,37497346,0
2013-08-15 05:25:50,37510925,37510925,0
2013-08-15 05:26:50,37535697,37535697,0
2013-08-15 05:27:50,37563500,37563500,0
2013-08-15 05:28:50,37572894,37572894,0
2013-08-15 05:29:50,37593232,37593232,0
2013-08-15 05:30:50,37629779,37629779,0
2013-08-15 05:31:50,37642506,37642506,0
2013-08-15 05:32:50,37666754,37666754,0
2013-08-15 05:33:50,37677401,37677401,0
2013-08-15 05:34:50,37696489,37696489,0
2013-08-15 05:35:50,37704751,37704751,0
2013-08-15 05:36:50,37732828,37732828,0
2013-08-15 05:37:50,37738299,37738299,0
2013-08-15 05:38:50,37750510,37750510,0
2013-08-15 05:39:50,37764043,37764043,0
2013-08-15 05:40:50,37787382,37787382,0
2013-08-15 05:41:50,37816334,37816334,0
2013-08-15 05:42:50,37829225,37829225,0
2013-08-15 05:43:50,37845191,37845191,0
2013-08-15 05:44:50,37861396,37861396,0
2013-08-15 05:45:50,37891958,37891958,0
2013-08-15 05:46:50,37909573,37909573,0
2013-08-15 05:47:50,37918800,37918800,0
2013-08-15 05:48:50,37932747,37932747,0
2013-08-15 05:49:50,37947432,37947432,0
2013-08-15 05:50:50,37973288,37973288,0
2013-08-15 05:51:50,37982840,37982840,0
2013-08-15 05:52:50,38010158,38010158,0
2013-08-15 05:53:50,38030862,38030862,0
2013-08-15 05:54:50,38054739,38054739,0
2013-08-15 05:55:50,38065110,38065110,0
2013-08-15 05:56:50,38091380,38091380,0
2013-08-15 05:57:50,38119945,38119945,0
2013-08-15 05:58:50,38140250,38140250,0
2013-08-15 05:59:50,38155482,38155482,0
2013-08-15 06:00:50,38185132,38185132,0
2013-08-15 06:01:50,38207002,38207002,0
2013-08-15 06:02:50,38217153,38217153,0
2013-08-15 06:03:50,38232755,38232755,0
2013-08-15 06:04:50,38249442,38249442,0
2013-08-15 06:05:50,38262856,38262856,0
2013-08-15 06:06:50,38279157,38279157,0
2013-08-15 06:07:50,38295311,38295311,0
2013-08-15 06:08:50,38313164,38313164,0
2013-08-15 06:09:50,38331364,38331364,0
2013-08-15 06:10:50,38345284,38345284,0
2013-08-15 06:11:50,38377941,38377941,0
2013-08-15 06:12:50,38386317,38386317,0
2013-08-15 06:13:50,38402370,38402370,0
2013-08-15 06:14:50,38417635,38417635,0
2013-08-15 06:15:50,38438834,38438834,0
2013-08-15 06:16:50,38452601,38452601,0
2013-08-15 06:17:50,38489632,38489632,0
2013-08-15 06:18:50,38516934,38516934,0
2013-08-15 06:19:50,38538814,38538814,0
2013-08-15 06:20:50,38556482,38556482,0
2013-08-15 06:21:50,38584400,38584400,0
2013-08-15 06:22:50,38593292,38593292,0
2013-08-15 06:23:50,38616290,38616290,0
2013-08-15 06:24:50,38644823,38644823,0
2013-08-15 06:25:50,38661978,38661978,0
2013-08-15 06:26:50,38678738,38678738,0
2013-08-15 06:27:50,38690747,38690747,0
2013-08-15 06:28:50,38700773,38700773,0
2013-08-15 06:29:50,38731539,38731539,0
2013-08-15 06:30:50,38739702,38739702,0
2013-08-15 06:31:50,38768424,38768424,0
2013-08-15 06:32:50,38785277,38785277,0
2013-08-15 06:33:50,38800452,38800452,0
2013-08-15 06:34:50,38809006,38809006,0
2013-08-15 06:35:50,38826249,38826249,0
2013-08-15 06:36:50,38856312,38856312,0
2013-08-15 06:37:50,38884081,38884081,0
2013-08-15 06:38:50,38914576,38914576,0
2013-08-15 06:39:50,38942097,38942097,0
2013-08-15 06:40:50,38950090,38950090,0
2013-08-15 06:41:50,38975469,38975469,0
2013-08-15 06:42:50,38990476,38990476,0
2013-08-15 06:43:50,39007733,39007733,0
2013-08-15 06:44:50,39031728,39031728,0
2013-08-15 06:45:50,39038583,39038583,0
2013-08-15 06:46:50,39058962,39058962,0
2013-08-15 06:47:50,39075900,39075900,0
2013-08-15 06:48:50,39088854,39088854,0
2013-08-15 06:49:50,39120286,39120286,0
2013-08-15 06:50:50,39141320,39141320,0
2013-08-15 06:51:50,39164972,39164972,0
2013-08-15 06:52:50,39186769,39186769,0
2013-08-15 06:53:50,39195501,39195501,0
2013-08-15 06:54:50,39223434,39223434,0
2013-08-15 06:55:50,39237619,39237619,0
2013-08-15 06:56:50,39248640,39248640,0
2013-08-15 06:57:50,39278547,39278547,0
2013-08-15 06:58:50,39303294,39303294,0
2013-08-15 06:59:50,39316960,39316960,0
2013-08-15 07:00:50,39333682,39333682,0
2013-08-15 07:01:50,39360365,39360365,0
2013-08-15 07:02:50,39368721,39368721,0
2013-08-15 07:03:50,39397886,39397886,0
2013-08-15 07:04:50,39429497,39429497,0
2013-08-15 07:05:50,39443270,39443270,0
2013-08-15 07:06:50,39454543,39454543,0
2013-08-15 07:07:50,39477639,39477639,0
2013-08-15 07:08:50,39493325,39493325,0
2013-08-15 07:09:50,39506209,39506209,0
2013-08-15 07:10:50,39516066,39516066,0
2013-08-15 07:11:50,39529091,39529091,0
2013-08-15 07:12:50,39558837,39558837,0
2013-08-15 07:13:50,39576380,39576380,0
2013-08-15 07:14:50,39608275,39608275,0
2013-08-15 07:15:50,39620629,39620629,0
2013-08-15 07:16:50,39633151,39633151,0
2013-08-15 07:17:50,39648835,39648835,0
2013-08-15 07:18:50,39669137,39669137,0
2013-08-15 07:19:50,39688222,39688222,0
2013-08-15 07:20:50,39710247,39710247,0
2013-08-15 07:21:50,39719903,39719903,0
2013-08-15 07:22:50,39740022,39740022,0
2013-08-15 07:23:50,39756868,39756868,0
2013-08-15 07:24:50,39790770,39790770,0
2013-08-15 07:25:50,39817070,39817070,0
2013-08-15 07:26:50,39831806,39831806,0
2013-08-15 07:27:50,39857145,39857145,0
2013-08-15 07:28:50,39866308,39866308,0
2013-08-15 07:29:50,39894717,39894717,0
2013-08-15 07:30:50,39921539,39921539,0
2013-08-15 07:31:50,39937778,39937778,0
2013-08-15 07:32:50,39957108,39957108,0
2013-08-15 07:33:50,39966541,39966541,0
2013-08-15 07:34:50,39984405,39984405,0
2013-08-15 07:35:50,40019941,40019941,0
2013-08-15 07:36:50,40035482,40035482,0
2013-08-15 07:37:50,40053631,40053631,0
2013-08-15 07:38:50,40079699,40079699,0
2013-08-15 07:39:50,40105505,40105505,0
2013-08-15 07:40:50,40112651,40112651,0
2013-08-15 07:41:50,40138582,40138582,0
2013-08-15 07:42:50,40156367,40156367,0
2013-08-15 07:43:50,40170743,40170743,0
2013-08-15 07:44:50,40204118,40204118,0
2013-08-15 07:45:50,40211052,40211052,0
2013-08-15 07:46:50,40233567,40233567,0
2013-08-15 07:47:50,40245471,40245471,0
2013-08-15 07:48:50,40260586,40260586,0
2013-08-15 07:49:50,40288721,40288721,0
2013-08-15 07:50:50,40299439,40299439,0
2013-08-15 07:51:50,40325135,40325135,0
2013-08-15 07:52:50,40332002,40332002,0
2013-08-15 07:53:50,40347307,40347307,0
2013-08-15 07:54:50,40368277,40368277,0
2013-08-15 07:55:50,40389853,40389853,0
2013-08-15 07:56:50,40398383,40398383,0
2013-08-15 07:57:50,40414288,40414288,0
2013-08-15 07:58:50,40444695,40444695,0
2013-08-15 07:59:50,40473670,40473670,0
2013-08-15 08:00:50,40481016,40481016,0
2013-08-15 08:01:50,40498426,40498426,0
2013-08-15 08:02:50,40508135,40508135,0
2013-08-15 08:03:50,40520917,40520917,0
2013-08-15 08:04:50,40550498,40550498,0
2013-08-15 08:05:50,40574243,40574243,0
2013-08-15 08:06:50,40586902,40586902,0
2013-08-15 08:07:50,40607662,40607662,0
2013-08-15 08:08:50,40616604,40616604,0
2013-08-15 08:09:50,40642990,40642990,0
2013-08-15 08:10:50,40649546,40649546,0
2013-08-15 08:11:50,40675829,40675829,0
2013-08-15 08:12:50,40705142,40705142,0
2013-08-15 08:13:50,40714237,40714237,0
2013-08-15 08:14:50,40738651,40738651,0
2013-08-15 08:15:50,40749517,40749517,0
2013-08-15 08:16:50,40768890,40768890,0
2013-08-15 08:17:50,40802456,40802456,0
2013-08-15 08:18:50,40822845,40822845,0
2013-08-15 08:19:50,40838239,40838239,0
2013-08-15 08:20:50,40856356,40856356,0
2013-08-15 08:21:50,40877431,40877431,0
2013-08-15 08:22:50,40892115,40892115,0
2013-08-15 08:23:50,40905181,40905181,0
2013-08-15 08:24:50,40920277,40920277,0
2013-08-15 08:25:50,40936469,40936469,0
2013-08-15 08:26:50,40954623,40954623,0
2013-08-15 08:27:50,40975972,40975972,0
2013-08-15 08:28:50,40998759,40998759,0
2013-08-15 08:29:50,41010894,41010894,0
2013-08-15 08:30:50,41023454,41023454,0
2013-08-15 08:31:50,41037231,41037231,0
2013-08-15 08:32:50,41054329,41054329,0
2013-08-15 08:33:50,41079968,41079968,0
2013-08-15 08:34:50,41086983,41086983,0
2013-08-15 08:35:50,41108634,41108634,0
2013-08-15 08:36:50,41131848,41131848,0
2013-08-15 08:37:50,41141589,41141589,0
2013-08-15 08:38:50,41166960,41166960,0
2013-08-15 08:39:50,41179198,41179198,0
2013-08-15 08:40:50,41204065,41204065,0
2013-08-15 08:41:50,41231829,41231829,0
2013-08-15 08:42:50,41240897,41240897,0
2013-08-15 08:43:50,41263390,41263390,0
2013-08-15 08:44:50,41274212,41274212,0
2013-08-15 08:45:50,41294139,41294139,0
2013-08-15 08:46:50,41303853,41303853,0
2013-08-15 08:47:50,41323049,41323049,0
2013-08-15 08:48:50,41344809,41344809,0
2013-08-15 08:49:50,41379194,41379194,0
2013-08-15 08:50:50,41396821,41396821,0
2013-08-15 08:51:50,41412086,41412086,0
2013-08-15 08:52:50,41429283,41429283,0
2013-08-15 08:53:50,41457730,41457730,0
2013-08-15 08:54:50,41467584,41467584,0
2013-08-15 08:55:50,41490613,41490613,0
2013-08-15 08:56:50,41520357,41520357,0
2013-08-15 08:57:50,41528330,41528330,0
2013-08-15 08:58:50,41551862,41551862,0
2013-08-15 08:59:50,41559766,41559766,0
2013-08-15 09:00:50,41588433,41588433,0
2013-08-15 09:01:50,41616627,41616627,0
2013-08-15 09:02:50,41641806,41641806,0
2013-08-15 09:03:50,41673291,41673291,0
2013-08-15 09:04:50,41697897,41697897,0
2013-08-15 09:05:50,41705336,41705336,0
2013-08-15 09:06:50,41728566,41728566,0
2013-08-15 09:07:50,41734571,41734571,0
2013-08-15 09:08:50,41758600,41758600,0
2013-08-15 09:09:50,41770475,41770475,0
2013-08-15 09:10:50,41786311,41786311,0
2013-08-15 09:11:50,41799043,41799043,0
2013-08-15 09:12:50,41817758,41817758,0
2013-08-15 09:13:50,41825828,41825828,0
2013-08-15 09:14:50,41851201,41851201,0
2013-08-15 09:15:50,41862352,41862352,0
2013-08-15 09:16:50,41878863,41878863,0
2013-08-15 09:17:50,41903795,41903795,0
2013-08-15 09:18:50,41908966,41908966,0
2013-08-15 09:19:50,41940099,41940099,0
2013-08-15 09:20:50,41957819,41957819,0
2013-08-15 09:21:50,41974182,41974182,0
2013-08-15 09:22:50,41996435,41996435,0
2013-08-15 09:23:50,42004220,42004220,0
2013-08-15 09:24:50,42031362,42031362,0
2013-08-15 09:25:50,42044136,42044136,0
2013-08-15 09:26:50,42073905,42073905,0
2013-08-15 09:27:50,42094022,42094022,0
2013-08-15 09:28:50,42106966,42106966,0
2013-08-15 09:29:50,42127785,42127785,0
2013-08-15 09:30:50,42138503,42138503,0
2013-08-15 09:31:50,42152818,42152818,0
2013-08-15 09:32:50,42163103,42163103,0
2013-08-15 09:33:50,42197649,42197649,0
2013-08-15 09:34:50,42218620,42218620,0
2013-08-15 09:35:50,42231313,42231313,0
2013-08-15 09:36:50,42250279,42250279,0
2013-08-15 09:37:50,42262769,42262769,0
2013-08-15 09:38:50,42279263,42279263,0
2013-08-15 09:39:50,42293019,42293019,0
2013-08-15 09:40:50,42304848,42304848,0
2013-08-15 09:41:50,42317677,42317677,0
2013-08-15 09:42:50,42346242,42346242,0
2013-08-15 09:43:50,42359180,42359180,0
2013-08-15 09:44:50,42372732,42372732,0
2013-08-15 09:45:50,42403050,42403050,0
2013-08-15 09:46:50,42425693,42425693,0
2013-08-15 09:47:50,42434923,42434923,0
2013-08-15 09:48:50,42446030,42446030,0
2013-08-15 09:49:50,42463291,42463291,0
2013-08-15 09:50:50,42489928,42489928,0
2013-08-15 09:51:50,42497946,42497946,0
2013-08-15 09:52:50,42528724,42528724,0
2013-08-15 09:53:50,42534899,42534899,0
2013-08-15 09:54:50,42549111,42549111,0
2013-08-15 09:55:50,42572993,42572993,0
2013-08-15 09:56:50,42603988,42603988,0
2013-08-15 09:57:50,42631052,42631052,0
2013-08-15 09:58:50,42641022,42641022,0
2013-08-15 09:59:50,42666968,42666968,0
2013-08-15 10:00:50,42675708,42675708,0
2013-08-15 10:01:50,42705100,42705100,0
2013-08-15 10:02:50,42733249,42733249,0
2013-08-15 10:03:50,42744767,42744767,0
2013-08-15 10:04:50,42770637,42770637,0
2013-08-15 10:05:50,42791367,42791367,0
2013-08-15 10:06:50,42812459,42812459,0
2013-08-15 10:07:50,42836064,42836064,0
2013-08-15 10:08:50,42858853,42858853,0
2013-08-15 10:09:50,42872323,42872323,0
2013-08-15 10:10:50,42901369,42901369,0
2013-08-15 10:11:50,42925735,42925735,0
2013-08-15 10:12:50,42936741,42936741,0
2013-08-15 10:13:50,42965097,42965097,0
2013-08-15 10:14:50,42991575,42991575,0
2013-08-15 10:15:50,42999388,42999388,0
2013-08-15 10:16:50,43024093,43024093,0
2013-08-15 10:17:50,43047911,43047911,0
2013-08-15 10:18:50,43058567,43058567,0
2013-08-15 10:19:50,43085003,43085003,0
2013-08-15 10:20:50,43109986,43109986,0
2013-08-15 10:21:50,43122746,43122746,0
2013-08-15 10:22:50,43139482,43139482,0
2013-08-15 10:23:50,43168421,43168421,0
